{"accuracy": 0.9880629865695425, "cv_mean": 0.9879814390846944}